"","True Positive","Ab10-I trkin + K10L2 trkin +","Ab10-I trkin - K10L2 trkin -","Ab10-I trkin - K10L2 trkin +","Ab10-I trkin + K10L2 trkin -","Ab10-I trkin - N10"
"Ab10-I trkin + K10L2 trkin +",0.00146756514042398,NA,NA,NA,NA,NA
"Ab10-I trkin - K10L2 trkin -",1.7069124620612e-05,7.49906235583637e-05,NA,NA,NA,NA
"Ab10-I trkin - K10L2 trkin +",0.424825174825175,0.347917768069229,0.000133139172040774,NA,NA,NA
"Ab10-I trkin + K10L2 trkin -",4.65008137642409e-05,0.000742026512931385,0.000133139172040774,0.00022359821121431,NA,NA
"Ab10-I trkin - N10",0.000115673799884326,0.000187548661062246,0.193276409799727,0.000476303881876637,4.34886153017799e-06,NA
"Ab10-I trkin + N10",0.000523934270064301,0.00793680870033423,0.674383340429265,0.00835847159376571,0.147753398842374,0.520895983811585
